Company,Position
Sabre Corporation,Talent Acquisition Specialist for Latin America & Caribbean
Despegar,Analista de producto
QAdvance (IT Services),CFO
Georgia Seguridad Contra Incendios,Business Data Analyst
Qadvance (IT Services),Cofundador
Cencosud S.A.,Chief Technology Officer Retail Digital
Avaya,Sr. Software Engineering Manager
Travelport,Director of Product Management - API channels
Adtomic,Head of HR
Oktana Corporation,Human Resources 
HR Professional Services,Freelance HR Professional
3XM Group,Talent Acquisition Manager
REMAX Premium,Agente Inmobiliario RE/MAX Premium
Cognizant,GMB Onboarding Agent
Wildlife Studios,Sr. Data Science Manager
Bridge Design Argentina,Abogado
Enel Argentina,Head of Recruiting
Cognizant,Java Software Engineer
GlobalLogic Latinoamerica,Delivery Director
Colprim Viajes,Administrador de oficina
Mercado Libre,Sr Director of Business Intelligence
Ra√≠zen Argentina S.A.,Gerente de Aplicaciones
Salesforce,Account Director - Marketing Cloud
Certa Consulting,Salesforce Developer
ATHENAWORKS,Technical Recruiter
Amgen,Digital Innovation
CloudGaia,Integrations Cloud Executive
Lemon Cash,CEO
RecargaPay,Human Resources Specialist
Self-employed¬†¬†,International Consultant IT Recruiter
Bagu√©s,Desarrollador de Negocios
Escuela Argentina de Negocios,Docente
SAVOK.INC,Managing Director
Certius,Multi-language consultant
Camps Foods,Fundador
Datalytics,Partner - Director
"Blue Star Group (Todomoda, Isadora)",Jefe de E-Commerce
"CDS, a Hewlett Packard Enterprise company",Human Resources Specialist en HPE CDS
Freelance,Encargada de gesti√≥n y desarrollo de producto
Medtronic,Senior FP&A Specialist | Data Analyst      ‚úî Data Analytics en Power BI üìä
NIXOR,Responsable de RRHH
Universidad Maim√≥nides,Profesor
GhidiniRodil,SR Consultant | IT Specialist
COREBI Analytics & Big Data,Analista y Desarrollador BI
"Mobify, A Salesforce Company",CEO & co-founder
Travelport,Customer Success Manager
Consultor,"Contador P√∫blico, especialista en gesti√≥n y costos "
Cabify,Tech
CloudGaia,Salesforce Business Analyst
Motorola Solutions,Sr Project Manager
Cloudgaia,Co-Founder - Chief Business Development Officer
Cloudgaia,Chief Marketing Officer
Process Technologies,Recruiter
Smart Techno Services Ltd,Service Desk Coordinator
Naranja ,Recruiter IT & Digital
LATAM5411 - Specialized Recruitment,Human Resources Partner
Rappi,Data Analyst / Data Scientist
Rx Dr Mario,Operations Coordinator
IOSPER,Jefatura √Årea Secretar√≠a T√©cnica
Catalina Roth y Asoc.,Especialista en Profesionales y Crecimiento Humano
Salesforce,"Partner Practice Development Associate, LATAM"
SUIVAL,CEO & Owner
Travelport,Diretor regional da Travelport na Am√©rica Latina
Fulcrum Digital Inc,Recruiter
Naranja ,Cloud Lead
Mercado Libre,Manager Development & Integration SAP and Others 
Liftit,Co-Founder & CEO
Agrofy,Business Intelligence
Capgemini,Associate Technical Consultant
PedidosYa,Product Manager |¬†Wallet
Naranja X,Chief Product Officer
Salesforce,Master Solution Engineer - Commerce Cloud - Latin America
L'Or√©al,Supply Planner
Cloudgaia,Developer
Shinko Technology,Director comercial
Cloudgaia,Integrations Developer
Accenture,Data Analyst -Data Enginner -Data Scientist
PageGroup,Senior Consultant - Supply Chain & Engineering
Globant,Technical Director
Cloud Devs,Senior Recruiter
Climbea,Control de Gestion y Power BI
Educaci√≥n IT & Educaci√≥n BIZ en Paran√°,Direcci√≥n
Banco Galicia,Agile Coach
GLAMPING ARGENTINA,Founder 
Cloudgaia,Salesforce B2C Commerce Cloud Consultant 
Cloudgaia,UX Design Specialist
IBservice,CIO 
CloudGaia,Commercial Manager
Cloudgaia,Commercial Manager
Jump,Jump
Globant,Technical Director & Data Science Practice Lead
Proyecto Nahual,Tester QA /QC
Gorilla Group,Director Of Business Development
Cloudgaia,Commerce Cloud Executive en Cloudgaia
Jam City,Data Visualization Engineer
PHARUS CONSULTORA GERENCIAL,Director
Cloudgaia,Co-Founder & CEO
Cloudgaia,Development Area Executive
Salesforce,Regional Account Executive
Travelport,Product Manager
Infotree Global Solutions,Senior Technical Recruiter(spanish) LATAM
sel,IT HeadHunter and Recruiter - Freelance
IPOChase.com,Director Ejecutivo
UADE,Director de las Carreras de Inform√°tica en Fac. de Ing. y Cienc. Exac. de la Universidad UADE
Aon,Analytics Coordinator | Health Solutions
Openbank,Business Development & Partnerships Manager
Sure Trade FX (STFX),Senior Staff/Accountant
Redeban,Profesional I Soluciones Digitales
Alfi,CEO Alfi Chile
IBM,LATAM Senior Talent Acquisition Partner & Executive Search at IBM
Axxon Consulting,Recursos Humanos
Pr√≥xima Parada Podcast,Cofundador
Despegar.com,Product Owner
Cloudgaia,Presales Engineer
PedidosYa,Chief People Officer
Cloudgaia,Commercial Manager Europe
Hendercross Global Services,Salesforce Consultant
Freelancer,Technical Recruiter
Smart Techno Services Ltd,Operations Manager 
Epidata,Selectora IT Sr
Pc Discount S.A,Presidente
UADE,Secretario de posgrado
Travelport,Senior Sales Operations
CloudGaia,Commercial Manager
Acciona IT,Selectora IT
Despegar,Revenue Assurance - Agency Debit Memo Team Supervisor
Despegar.com,Analyst
Santander Argentina,Chief Information Officer (CIO)
Nubank,VP of Engineering
Facebook, Client Partner
DataArt,Head of DataArt Buenos Aires
PedidosYa,CTO
Cloudgaia,People Analyst
Cloudgaia,Chief Revenue Officer
Travelport,"Commercial Director,  Global OTA"
Page Personnel,IT Recruitment Support
LATAM5411 - Specialized Recruitment,Senior Business Executive Partner
Cognizant,Agile Coach - Manager
Institutos Odontol√≥gicos,Financial Controller
UNICEF,Marketing Database Officer - United Nations International Children's Fund
Dell Technologies,"Senior Specialist, Accounts Receivable"
Mercado Libre,Software Development Sr Manager
Cloudgaia,Senior Talent Acquisition Specialist
successfactory consulting group,Gesch√§ftsf√ºhrer
Travelport,"Commercial Director, Global OTA Business Development"
Manage Resources Recursos Humanos,Reclutadora en Manage Resources
Cloudgaia,Co-Founder & CPO
CloudGaia,Global Talent Acquisition Specialist 
Hublance,Information Technology | SAP International Recruitment. Job Advisor en Hublance
Lumycons MGM,Manager
emBlue,IT Talent & Recruiting Analyst
Aintegra,Creador & Director
Cloudgaia,COO
Travelport,Online Solution Manager
Simplex Software,HR Analyst
Almundo,IT Manager
Cloudgaia,Head HR
Universidad Tecnol√≥gica Nacional,Adscripto al Laboratorio de Automatizacion
almundo.com,CIO - CTO
Travelport,Senior Product Manager - Exchange Portfolio Lead. 
Blue Cube Travel Ltd,Owner
Travelport,Senior Regional Propositions Manager Europe - OTA channel
Almundo,Senior Product Business Manager Aftersales
FRAL - Fieldend Residents Assocation Ltd,Company Secretary - Volunteer
Travelport,Head of Solution Consultancy Europe
Travelport,Strategy Manager
Travelport,Senior Marketing Manager for Global Online Travel Agencies
Travelport,Key Account Manager
Travelport,Merchandising Manager
Despegar y Viajes Falabella Colombia,Country Manager
Profesional independiente,Consultor en recursos humanos
Travelport,Project Manager III
Despegar,Regional Commercial Coordinator - Sourcing Air
Travelport,Technical Optimization Consultant
Ministerio de Defensa,Especialista administrativo
HumanitasIT,Tech Recruiter l QA
Blue Diamond Holding,CEO
Gestion Mandala Recursos Humanos y Procesos Empresariales,Responsable de b√∫squeda y selecci√≥n IT 
Openbank,Chief Information Security Officer (CISO)
BotBit,Head of Customer Success
"Facultad de Derecho, Universidad de Buenos Aires",Profesor
Humanitas IT,Responsable de Reclutamiento y Selecci√≥n LATAM
Travelport,General Manager Mexico and Central America
Sondeos,Tech Lead & IT Manager
Travelport,Chief Commercial Officer (CCO) - Travel Partners
Travelport,"Director, Software Engineering"
Banco Ciudad,Analista funcional Banco Ciudad
Swiss Medical Group,Analista T√©cnico Sr.
Global App Testing,Event Marketing Manager
Almundo,Product Manager
Travelport,Head of Agency Sales - Americas & Global Accounts
Siessa,Recruiting Manager
Despegar,Product & Data Analytics Manager - LATAM
Despegar,Quality Assurance Regional Coordinator
Agile Onboarding,IT Recruiter
PK,IT Recruiter
BairesDev,Sales Executive
AlmaFintech,Software Engineering
Wallbox Chargers,Talent Acquisition Partner
Despegar,Head of Product (Suppliers)
Naranja ,Chief Data & Analytics Officer
Beat,General Manager
Trip Ninja,CEO
ECOSISTEMAS,Analista QA SSR
Travelport,Latin America HR Administrator
Butler,Founder & CEO
TRAVELPORT CAMEROUN,Chef d'agence et responsable technique
MPA Consultora,Talent Acquisition-IT Recruiter
MegaTech Live IT Services,Service Delivery Manager
ARPILAR,General Manager
Turismocity,Co-Founder & CEO
Almundo,Head of Growth & Performance
Ana Tabanera IT Recruting,Information Technology Recruiter
Travelport,"Data Insight Consultant, APAC"
Accenture Argentina,Delivery Lead
Best Day Travel Group,Chief Product & Technology Officer
Traveldax,Founder & CEO
Softvision,Senior Recruitment Specialist
South Talent Hub,Founder
Humanitas IT,IT Recruiter
Solutions Group S.A.,Jefe de Selecci√≥n
Zinier,Sales Engineer
VATES - Software,Front End Developer | Angular
Happy Travel Baku,head of incoming department
Loyalty Security Association,Co-Founder
Almundo,CEO & Founder
Emprender,C
TripStack,VP GLOBAL SALES
Despegar,Engineering manager III
Moody's Local,Analyst / AA Manager
Best Day Travel,Chief Supply Officer 
Best Day Travel,Managing Director
SENTIENS,Fundador y Director
Stealth Tech,Reclutadores IT Sr
Despegar,Regional Strategy Manager -  Operations & Customer 
Almundo,Analista Producto y Business Intelligence
Baires HR,HR Agency
Fundacion ccnv,Operador Sonido
Sendatel S.A,Manager
EY,Change Management
Groupe ADENES,Conseillere relation client en expertise d'assurance
Asteroid Technologies,"Co-Founder, CEO"
Praxis,"Analista de Selecci√≥n y Reclutamiento IT, LATAM - Argentina "
Jazz Software Ltd,CEO
Despegar,Lider Tecnico
CI Azumano Travel / Business,"Vice President of Sales, Marketing and Corporate Development"
Aut√≥nomo,Emprendedor independiente
Praxis,Analista de Selecci√≥n y Reclutamiento IT LATAM
InterGlobe Technology Quotient,Assistant Manager
MyFlightMart,Reservations Specialist
Travelport,Program Manager
Franz Y Asociados HR ,Founding Member - Director 
Despegar.com,Analista de Payments Regional
"TradeHelm, Inc.",IT Recruiter
EY,Project Manager | Tax Global Project Engineers
Bodega Pascual Toso,Venta nacional
Travelport,Technical Consultant - API Discovery & Implementation Services 
Almundo,Flights Regional Head
Travelport,Technology Optimization Manager
Consultora Cenit,HR Services Manager
Despegar.com,Coordinador Comercial Regional de Vuelos 
LTP ASOCIADOS,"Consultor√≠a de IT, Recruiting y la Tercerizaci√≥n de Talentos para procesos de negocios"
"New Relic, Inc.",Solutions Consultant
Mariano Aita fotograf√≠a,Fot√≥grafo aut√≥nomo
Travelport,General Manager Mexico and Central America
VTEX,Solutions Architect - Payments Specialist
Travelport,API Support Analyst
Travelport,API Support Consultant
Esplendor by Wyndham Montevideo,Reservations Agent
PedidosYa,Regional vendor operation lead
Jampp,Technical Recruiter & HR Advisor/Business Player
Grupo OSDE,Promoci√≥n y Relaciones Empresarias
Organic Latin America,Gerente de Operaciones
Bodega Dante Robino,Gerente General
Travelport,Business Analyst
Accenture,ServiceNow Developer
Praxis,Lider de reclutamiento IT
Travelport Brasil Solu√ß√µes em Viagens Ltda,SR Account Manager
Grupo Hacer,President Of The Board Of Directors
Despegar,Technical Team Lead
Protec Asociados SRL,Director comercial
Atr√°palo,Account Manager - Atr√°palo Empresas
ARPILAR,Ejecutiva de cuentas - Eventos corporativos 
Arpilar,Eventos Corporativos
FATE SAICI,Coordinador de Mejora Operacional
Atr√°palo Colombia,Esc√°pate al mejor precio
Jolet RRHH,Recruiter/ Headhunter
UADE,Comunicaciones Internas
Kubikware,Head of People 
BestDay Argentina,Gerente de servicios a√©reos
Gobierno de la Ciudad de Buenos Aires,Analista de RR. HH.
Fundaci√≥n Espartanos,Fundador
CNRT,Tesorera
Omnitracs,Principal HRBP at Omnitracs
UADE Business School,Coordinador Maestr√≠a en Direcci√≥n de Recursos Humanos
Banco Galicia,L√≠der de Gobierno de Sistemas
Best Day Travel,VP Global Supply
Best Day Travel,Air Supply Manager
IQVIA,Medical Director
De Rosa Selecciones,Professional Recruiter - Selector IT
PedidosYa,Product Manager
FEED Hapiness is Homemade,Co-Founder
Travelport,AM Caribbean region 
Independiente,Senior Freelance Recruiter
HCH Computacion 11.4328.4465,Responsable Comercial 11.4328.4465
C√°mara de Senadores de Catamarca,Asesor y Analista de Recursos Humanos
Travelport,Technical Optimization Consultant
Informa,"Vice President, Asset Intelligence Group"
Claro Argentina,Market & Competitive Intelligence AR - PY - UY
mibucle,Talent Acquisition Coordinator 
GetYourGuide,Associate team lead
sertravels,traslados de pasajeros
PriceTravel,Commercial Partnership Director
PedidosYa,Senior Product Manager - Wallet Tribe
Travelport,GVP and Managing Director - OTA
OMV Yemen,Team Leader Workflows & Application
Travelport,"Regional Director Consultancy & Implementation, Americas"
Despegar,Gerente de Contabilidad Regional
HSBC,Equity Research Associate
Travelport,Vice President - Technology Optimization & Travel Intelligence
Despegar.com,CCO
Rehman Group of Travels,Chairman
Devtika. We love to find the best talent_,Talent Partner
Travelport,Account Executive
Travelport,Global VP Product Management
Faena Group,Masoterapeuta de Spa
PCI Booking,"Business Strategy - Tokenization, Payment Risk Solutions"
Universidad de 'San Andr√©s',Master in Marketing program Professor
Despegar,Business Specialist
Travelport,Technical Product Manager
ALIANTOUR in EUROPE,Sales & Marketing Manager
Open to new opportunities,Content Development
Agile Big Picture,VP of Operations
Oliver Wyman,Principal (Associate Partner)
Despegar,Commercial Planning Manager
VeriTran,EVP Corporate Business
Despegar,Gerente de Integracion - M&A
Despegar.com,Product Owner
Fiserv,Executive Sales Specialist
i√∫nigo,VP Customer Experience & Ventas Telef√≥nicas
Encore Consulting,Talent Acquisition Associate
Acciona IT,Consultoria IT N
Mudate,Associate Founder
Estudio Jur√≠dico Pablo L√≥pez Ruf y Asoc.,Paralegal - Asistente legal - Secretaria 
Auditor√≠a General de la Naci√≥n,Encargada de Traducciones 
Thinkwise Software,Technical Consultant
T,Semi Retired
Travelport,Chief Commercial Officer
Hotelmize,Director of Business Development Iberia & Latam
R√≥ndine Senior Selection,Senior Consultant - Executive Search Specialist
MoMo (M_Service),Human Resources Business Partner
Facultad de Tecnolog√≠a Inform√°tica de la Universidad Abierta Interamericana,Profesor Titular (r) Teleprocesamiento Bancario
Alquilando.com,Representante del servicio de atenci√≥n al cliente
GM2DEV,Recruiter IT
Nybble Group,Talent Manager and Business Developer 
Petreum,Recruiting Manager
SG Consulting RH,Director fundador
Almundo,CMO
TSG,Head of Global Learning and Development
Renault Argentina,Analista Sr Contabilidad & Reporting - Gerencia Adm & Data Science
GOLDEN JACK BINGO,Pago a proveedores
PriceTravel Holding,Lead Product Owner
AXA Partners,Head of Travel
OfferUp,Director Of Engineering
PriceTravel Holding,Head of Product Owner
PriceTravel Holding,Gerente de Marketing Digital y Ventas Online
PriceTravel Holding,Platform Manager
DIA Group,Gerente de Operaciones Log√≠sticas
AirTickets Ltd ,Marketing Manager
MURAL,Talent Partner
MPA Consultora,Talent Acquisition - IT Recruiter
Accenture Argentina,Recruiter IT
Page Personnel,IT Recruitment Analyst
Consultora en RR HH Lombardo & Asoc.,Titular de la misma
Travelport,"Vice President and Managing Director, North America"
Salad Money,Product Director and Board Director
ITSM Consulting S.A,Analista de Selecci√≥n y Empleos IT
www.serviciosvirtualesoctoplus.com,Co-fundador
Pilar Humano,Consultor√≠a en Recursos humanos
Rockwell Automation,Scrum Master
CONEXIONHR,Recruiting Lead- Talent Recruitment Specialist
Koniag Government Services,Delivery Manager Lead
Travelport,OTA Technical Account Manager
Despegar,Senior Business Operations Analyst
Cognizant,Account Manager
AFIP,Ingeniero de procesos - Nuevas Tecnologias en la Aduana
Despegar.com,General Manager
Conexi√≥n Travel Solutions,Co-Founder & Managing Director
novae,Chief Operating Officer
BairesDev,CEO
SMC Argentina S.A.,Responsable de Training
TGV,IT Recruiter
SONDA,Gerente de RRHH para Arg. y Uy.
Buffa Sistemas S.R.L.,Responsable de b√∫squeda y selecci√≥n
Interturis (Grupo OSDE),Operation and IT Manager
eSky.pl S.A.,Product Implementation Director
Softvision,VP of Technology at Cognizant Softvision
Grupo OSDE,Asesor Comercial en Grupo OSDE
Travelport,Head of Customer Success - OTA Europe
TDT,Product Owner
Travelport,Global OTA Sales Manager
UADE,Docente Auxiliar | Introducci√≥n a la Econom√≠a & Microeconom√≠a
Servimader SA,Head of Operations 
UADE,Coordinador de Programas Corporativos y Coordinador Enrollment MBA Intensivo
FOX Recruiting - Argentina,Founder
Emerios,BI Developer
Despegar.com,Sr. Development Manager
Ingenico ePayments,Global Relationship Manager
twistergy - Desarrollo de habilidades blandas y gesti√≥n de equipos,Asociada 
Yalo,IT Recruiter Senior
Engitech Services LLC,Chief Technology Officer
Travelport,Strategic Business Development Director
Travelport,Global Account Manager
Grupo MultiSoft,Director Software Factory Staffing Nearshore SAP Cobol Adabas-Natural AS/400 for LATAM SPAIN USA
Navent,Talent Analyst
Travelport,Senior Marketing Manager for Online Travel Agencies
Banco Santander,Especialista Senior de la Gerencia de Procesos y Tecnolog√≠a
Interlat Group,Fundador & CEO
Travelport,Global OTA Customer Data & Analytics Manager
Xixtech,Headhunter - Recruiting Manager
Groupe Renault,Manager Reseau Secondaire
Despegar.com,Country Manager Argentina & Uruguay
3T Site,Gerente de Administraci√≥n 
Join Solutions SRL,Practicante
San Antonio Internacional,Gerente Corporativo de Sistemas | IT Manager
Avantica,Talent Acquisition Lead
EleCe Consultores,Seleccion de Personal
Fetcher,Team Lead
Travelport,Marketing Director Latin America
Cognizant,Software Engineer
Robin Tests,CEO & Founder
Independiente / Freelance,Selectora IT
Universidad de Ciencias Empresariales y Sociales,Director del Programa Ejecutivo de tecnolog√≠a e innovaci√≥n en los negocios.
Farmacity,Analista Generalista de RRHH
ExxonMobil,Senior Financial Analyst
LATAM5411 - Specialized Recruitment,Equipo LATAM5411 Recruitment
Reserve,Argentina Success
QuieroMiPizarra,Fundador
Reklut | Todos los empleos a tu alcance,Coordinadora de Comunicaciones
KAVER-Consulting S.A.,Recruiting Assistant
Riva SA,Recursos Humanos
Travelport,Head of Global Corporate Online Booking Tool Partnerships
Basecodeit, Engagement Assistant
Travelport,Senior Account Manager UK and Ireland
IN FOCUS DEVELOPMENTS LTD,Director
Reklut | Todos los empleos a tu alcance,IT Operations Manager
Staffrh Consultoria en RRHH / IT,Entrepreneur - Founder at StaffRH 
Globant,Recruiting Analyst
LATAM5411 - Specialized Recruitment,Communications Head & IT Talent Manager
Black Swan Data,Director of Product Management
BAEHOST,Owner & CTO
i√∫nigo,Product Owner
Sankalpa Consultora,Recruiter Coordinator 
Brand Reputation PR,"Communications Consultant ‚Äì Strategies, Storytelling, and Media Relations"
Travelport,VP of Product - Agent Channel
Boehringer Ingelheim,QA Analyst & Scrum Master
Despegar,Gerente de producto Postventa en Despegar
Mariana V√∂lker - RRHH,HR Consultant - Recruiter
Travelport,Head of Commercial Finance - Americas Agency and Global Accounts
Banco Comafi,Analista Funcional Tecnica Tester
Travelport,Marketing  Manager Andean Region
Granrio S.A - Hotel Riogrande ,Coordinador Departamento Comercial
Skyscanner,Senior Product Director
Avature,Talent Acquisition Manager
Sabre Corporation,VP Travel Solutions - North America
People Coworking,Fundador
Travelport,"Global Head of Customer Success and Delivery, Air Partners"
BBVA en Argentina,HR Business Partner - Talento & Cultura
Travelport,"Sr Director, Air Commerce, Latin America"
Sabbatical & Travel,Principal
Gozio,Vice President Client Services
Self-employed,Consultant
Reklut | Todos los empleos a tu alcance,Communication Specialist - Job Portal
Onapsis Inc.,Talent Acquisition Specialist
Kapsch TrafficCom AG,Desarrollador de software
trivago,Global Facebook Ads Specialist - trivago Magazine
Telecentro,Ingenieria de Pre-Venta
Posta Cangrejo Apart,Socio Gerente
VistaDrakeLodge,Explorando Bahia
AirTickets Ltd,CEO
Travelport,VP Commercial Strategy - Americas Agency Sales
Travelport,"Senior Manager, Product Propositions, Airlines"
Expedia Group,"Global Senior Vice President & General Manager, Expedia Partner Solutions"
Estudio Juridico,Abogado Jr.
OLX Group,BI Manager
TapCoder,Director
Grupo Myth,Recursos humanos
Axonier Consultores,Recursos Humanos
HR Oasis Consultora RRHH,Managing Director
Wildlife Studios,Senior Engineering Manager
Expedia Group,"Director, Sales"
Free Lance,Selectora/ Recruiter
BeRecruiting,Co-Founder
Travelport,Senior Product Manager
eSky Group,Partnership Manager
Travelport,Customer Success Manager
Poder Judicial de la Naci√≥n,Perito psic√≥loga
METROTEL,Analista de cuentas Administrativo
Mercado Libre,People Business Partner Supervisor
DotTransfers,International Sales Manager
Grupo Myth,Global Key Account Manager
Despegar,Engineering Manager I
Despegar.com,Coordinador Fulfillment Support
BBVA en Argentina,Ejecutivo de desarrollo del negocio BBVA Direct
Despegar.com,Teach Lead
MediaNews Group,Head of Product and Technology
Landmark Information,Product Portfolio Director
Travelport,"Vice President, Technology"
Sauce Labs,Senior Software Engineer
ALAS Asociaci√≥n Latinoamericana de Seguridad,Vicepresidente Comit√© Integraci√≥n
Wildlife Studios,Sr TechOps
Otravo,Board Member at Otravo - CIO and Founder at Travelgenio
Wyndham Hotels & Resorts,Manager International Sales
Travelport,Manager
Recruiter,Freelance
Enel,Head of Grid Solutions Chile in ICT Solution Center Infrastructure and Networks of Enel ICT
Redeban,Director de desarrollo de productos
BeRecruiting,Co Founder
Neutrona Networks International,Senior IT Business Analyst
Hexacta,Marketing Content & Communications Coordinator
Casa Maigaki Guesthouse,Self employed
Home,Retired from the travel industry
Travelport,Head of Customer Support Americas
Innovatur,Consultor Independiente
Travelgenio.com,Chief Operating Officer
Redeban,Gerente de Desarrollo Digital
Glovo,Global Director of Talent Acquisition
Travelport,Global Talent Acquisition Partner
Independiente / Freelance,Selector
Jobs Karnival,Senior Recruiter / EMEA
E*TRADE,CIO and Head of Technology
Dancan - Gesti√≥n del Talento,"Tech Recruiter, Talenthunter & HR Consultant"
Danone,Head Of Ecommerce
Travelport,Regional Account Manager
Cognizant,Senior Program Manager
Micro Focus,IT Recruiter 
PH Travel Ltd T/a Perfect Holidays,Managing Director
Travelport,Account Manager
Laboratorios Bag√≥ S.A.,Programador Angular & Java
ATHENAWORKS,Senior Technical Recruiter
Bookingmotor - Soluciones Tecnol√≥gicas para la industria tur√≠stica,Responsable Comercial Area Sur
Universidad Nacional de La Rioja,Profesor ponente invitado
Rappi,Product Lead: Payments Credit Card
RecargaPay,Product Owner
Landing Travel Service,Director de proyecto
SAP,Senior Project Manager
Demand Increase,Account Manager
Amadeus,Head of Transactional Search Consulting Americas
Wildlife Studios,Director Of Engineering
Travelport,Business Development Manager - Strategic Accounts
Macrobots,CEO
Travelport,Business Analyst
Ripple,Technical Services Engineer
Naranja X,DevOps - Technical Support
Decolar,Gerente de atendimento ao cliente
Decolar.com,Gerente - Revenue Assurance
NextLevel Consulting,Manager ‚Äì Enablement & Development
Travelport,Director of Product Management
CRM Vantage,Independent Senior Consultant
Despegar.com,Gerente Operaciones Customer Service 
Veolia,Gerente de Administracion y Finanzas - Direccion Servicios Industriales
5M travel group - #1 travel agency group in UY,ecommerce consultant
Self-employed,Biz Dev / Commercial Manager
The Home Depot,Enterprise UX Manager
Indeed.com,"Sr. Director, Voice of Customer"
Black Spectacles,Director of Product
Imperio,Cajero
Tech Travel Sistemas,Co-Founder & CEO
Despegar.com,Analista de redes de telecomunicaciones
Travelport,Commercial Director for Consolidators and Niche Markets
Travelport,Global OTA Group - Customer Success Manager
Navent,Product Lead
Delivery Hero,Senior Information Security Manager
Despegar,Sr Development Manager
Travelport,Regional Director Airlines for Latin America
Shorelight Education,Director of Global Projects (Educator on Loan for UNESCO)
Prisma Medios de Pago S.A.,Jefe de Integracion de Servicios
IBM,IBM Solution Gateway Manager
Interrapidisimo,Customer Service Manager
DESPEGAR.COM,JEFE DEPARTAMENTO DE TECNOLOGIA
Despegar,Jefe Regional de Capacitaci√≥n - Estrateg√≠a de Clientes 
Alcald√≠a Mayor de Bogot√°,Loter√≠a de Bogot√° - Miembro de Junta Directiva
Travelport,Strategic Business Development Manager
Despegar.com,Ejecutiva Comercial Sur de la Argentina - Producto Hoteles
"MDM, Big Data, AI, Data Analytics",Principal & CoE Exec
Redpagos,Jefe de Recursos Humanos
Xmartlabs,Project Manager
Essen,Jefe de ventas y desarrollo de redes
TTS Viajes S.A.,Asesor comercial
Huenei IT Services,Recruiting Assistant
Airbnb,Account Manager - (COVID-19 redundancy)
Language Savvy,Fundadora y Directora
Despegar.com,Analista funcional de Vuelos
365 Travel - Brasil,Diretor
Sabre Travel Network,"Account Director, Global OTA, Technology & Sales"
Travelport,Vice President
Travelport,Director - Software Development Engineering
Digital Beings,Chief Executive Officer
Witbor,Oracle Fusion Cloud Financials Consultant
Cognizant Technology Solutions,Learning And Development Specialist
Fiserv,Sr. Project Manager -  LATAM IT PMO
Travelport,Technology Optimization Manager for Latin America
UCES, Professor in Air transportation University of Tourism UCES
Travelport,Bookability Engineer
MOBEATS,Project Manager
Despegar,Software Engineering Manager I
Youse Seguros,Sr Product Manager
Mercado Libre,Regional Product Senior Manager
Banco Macro,Oficial Selecta
Galileo International,"Head of Global OTA, The Americas"
Recursiva,Analista de sistemas
WWW.ORBENETWORK.COM,CONDUCTOR PROGRAMA TV
Southteams,Advisor
Glovo,Manager de Operaciones
Intagro S.A.,Analista de contabilidad
HV Talent, Head Hunter
DIRECTIONS Conference & Incentive Management,Travel Consultant
Deviget LLC,Senior IT Recruiter
Globant,Business Analyst Sr
Ingenico ePayments,Relationship Manager
Prisma Medios de Pago,Head of Ecommerce Segment & Partnerships
Elementum,LATAM General Manager
Wildlife Studios,Talent Acquisition Manager
Openbank,Payments Manager
Travelport,SMB Specialist
Despegar.com,Flights IT Business Solutions
Ricale Viajes,General Manager
Core Travel Technologies,General Manager and Vice President of Sales
VIDA Tec,Technical Product Manager
Despegar,Product Manager
Endava,Head of Project Delivery Management
Mercado Libre,Product Supervisor | Advertising
Despegar.com,Gerente Sr. de Producto y Customer Intelligence
Worldpay,"Vice President - Commercial, Latin America"
Travelport,Latin America Program Manager 
Universities and Institutions,Project Management Professor and Trainer
IBM,ETL Developer
Mercado Libre,Director de Planning & Strategy 1P
Gobierno de la Ciudad de Buenos Aires,Asesor
Madzen,Co-Founder
Banco Bci,Payment Specialist
Medallia,Software Engineer
Travelport,Technical Product Manager - Payments
MPA Consultora,IT Senior Recruiter
<intent>,Vice President - Client Partnerships
Travelport,Account Manager
Easilys,Chief Commercial Officer | Digital Transformation | FoodTech
SG Mobile LATAM,Country Manager M√©xico
Travelport,Solutions Consultant
Egncy ,Director Comercial
Olympia Europe Wholesaler,Sales Manager Latam
GRUPO|DNA,Sales & Marketing Senior Consultant
Ola Mayorista de Turismo,Responsable de contrataciones aereas
Linio Group,Product Management Regional Director
Creative Director,Independent Contractor & Consultant 
Best Day Travel,Flights Product Manager
Travelport,Head of API Consultancy and Implementation Americas
XYPRO Technology,Professional Service Specialist for Latin America
Atrapalo.com.ar,Country Manager
Genesys,Sr Sales/Lead Development Representative in Latam Southern Cone
Travelport,Operational Account Manager
Pentacomb SA,Encargado de turnos
Turismocity,Co-founder
EXPERTA COMMERCE,Sales Director Latin America & Caribbean
Travelport,Senior Solutions Manager
Blockchain.com,Site Reliability Engineering Team Lead
SurveyMonkey,Senior Operations Analyst
FADEMI S.A.,Responsable de Recursos Humanos & Relaciones Laborales
Cognizant Technology Solutions,Infrastructure Project Manager
Maven,Software Engineer
Naranja X,Talent Acquisition Specialist
Pixlee,Senior Enterprise Customer Success Manager
Malwarebytes,Senior Web Engineer
SynDevs,Senior IT Recruiter
Estudio Jur√≠dico ,Abogada. Mediadora Judicial 
Cognizant,HR EXECUTIVE
Unilever,HRBP Planta Carrascal
Globant,Lead Recruiter
Elementum,Software Engineer
Travelport,General Manager Southern Cone
Cognizant Softvision,Technical Director
Banco Patagonia,Finance Manager
Medallia,Talent Manager
Salesforce,Manager. CSG M&A
Hidalgo & Asociados,Coordinadora de Selecci√≥n y Evaluaciones
WillDom,Talent Specialist
MetLife,Director
Pilar Humano,CoFounder & CoOwner
Mercado Libre,Project Leader
IBM,Statutory Accounting Country Team Leader
Droptek,Co-Founder & CEO
Tiendanube,Data Scientist
American Express,Outsourced Program Manager 
BNP Paribas Cardif,Responsable de Control Interno
Brightcove,Senior Software Engineer
"TradeHelm, Inc.",Chief Operating Officer
everis,Recruiting Lider
MuleSoft,Technical Recruiter
MPA Consultora,IT Recruiter
MPA Consultora,Talent Acquisition - IT Recruiter
NICE Actimize,Office Manager
Amazon,Software Development Engineer AWS
Cognizant,Lifecycle Supervisor for Latam
SeSocio.com,Regional People & Culture Manager
Quir√≥s Consultores solo sabemos de PyMES,Consultor de Empresas Familiares
MITA - Master Internacional en Tecnolog√≠a de los Alimentos,Secretaria de Relaciones Acad√©micas
Werben HR,"Tech Recruiting Manager (Arg- Miami, USA) "
Globant,Lead Recruiter
ExxonMobil,US Tax Senior Supervisor
Arrorr√≥ mi coraz√≥n,Directora
Ring,Senior Technical Recruiter
"FEED, vending machines",Fundador
Dell,Human Resources Advisor
MURAL,Compliance Manager
Vanguard Logistics Services,International Agent Accouting
ToursByLocals,People Care Advisor
Asamblo,President & Co-Founder
Digbang,HR Manager
Freelancer.com,Freelance Expert Designer and Illustrator | Cartoon's Specialist
Hublance,Talent Acquisition/ Senior IT & SAP Recruiter International
intive,People Assistance Team Lead
NEORIS,Human Capital Consultant
Accenture Colombia,Arquitecto de soluciones
Cognizant,Senior Manager - Projects
Streambe,Desarrollo de software
Baitcon,ABAP Sr Consultant
Freelance,Recruiting & Talent Aquisition Specialist
Belatrix . A Globant Company ,Sr Recruiting Analyst
FNS | CAPITAL,Consultora de Recursos Humanos
Universidad de Buenos Aires,Jefe de Trabajos Pr√°cticos 
genomIT & Zoigen,Cofounder
SID Global Solutions (Digital Transformation Experts),API Architect
Oi,Consultor de Relacionamento Digital
Cognizant Technology Solutions,Associate
aliantec,Co-founder - CEO
WuffWuff und ihre Veteranen,Ilustrator
ASAP Techonology SRL,Soporte E-Commerce
Neoris,Human Capital Consultant
intive,HR Specialist
Cognite AS,Director of Customer Success
Grupo Bimbo,Regional Procurement Manager
Cognizant Technology Solutions,Team Lead
Kapsch TrafficCom AG,Senior Platform Developer
DXC Technology,Senior Talent Acquisition Specialist
Atos,Engagement Manager for Groupe PSA account
Groupe PSA,IT and Operations Director
Qstom - Software de Gesti√≥n,Director de desarrollo
AT&T,Service Manager
JPMorgan Chase & Co.,Sr Talent Acquisition
Hexacta,Lider de proyecto
Santander Tecnolog√≠a Argentina,Senior Talent Acquisition Specialist
IBM,QA & Testing Delivery Manager
Connexos RH,Consultora
everis,Consultor PM-PMO
LabsXD,CEO & Founder
International Institute for Learning,Senior Trainer and Consultant
Prominente (Grupo Roggio),Analista de RRHH/Selectora IT
Aintegra - Red de Servicios Profesionales,Co-Founder
TISA Software,Freelance Senior Business Intelligence Developer
BairesDev,VP of Talent Acquisition
Latincoaching,CEO
Barbados Ministry of Foreign Affairs and Foreign Trade,Barbados Ambassador to the Republic of  Panama
Dell Technologies,Principal Consulting Engineer
Randstad Argentina,Generalista de Recursos Humanos - Outsourcing
Apple,Senior Interactive Producer
INTEC / Gerencia Operativa Tecnolog√≠as e Innovaci√≥n Educativa,Asesora de Recursos Humanos
Manpower,RPO - Talent Acquisition Leader EMEA South and LATAM in Vestas - WindEnergy
De Supernova,Partner
STRATESYS,Project Leader
BairesDev,Senior Engagement Manager
ADP RPO,Client Relationship Manager 
Xixtech,Business Manager
Iv√°n Carrino & Asociados,Socio fundador
LATAM Airlines,Analista de compras
L'Or√©al,Asuntos Publicos & Advocacy Manager
Cobro Inmediato,Responsable de RRHH
RE/MAX NET,Agente Inmobiliario asociado a Remax
Unilever,Human Resources Talent Partner
WNPOWER.COM,CEO & Co-Founder
La Caja de Ahorro y Seguro,Analista BI
MediaMonks,Tech Lead
complejo de caba√±as,Propietario
Cognizant,Manager EAS - SAP
Interbanking,Analista Desarrollador Senior
AFIP,Auditor de TI
Ledesma S.A.A.I,Jefe de Aplicaciones AC - Ledesma S.A.A.I
vision tecnologica,Consultor IT
Atos,Gerente de Proyectos
Wabi Inc.,Full Stack Developer Sr Wabi - YOP
Mercado Libre,IT Project Lead - Fraud Prevention - Online Payments
CDT Soluciones Tecnol√≥gicas,Analista de Selecci√≥n IT Sr
Osmedica,Analista Funcional
Ciudad Cultural Konex,Executive Director
everis,Recruiter at Everis
Claro Argentina,Ejecutivo de cuentas
Agencia Bubba,Director
Fundaci√≥n H.A.Barcel√≥,Profesor Titular - C√°tedra de Psiquiatr√≠a
Cognizant,QA Manager
Poder Judicial de la Naci√≥n,Perito Psic√≥loga
Truelogic Software,Talent Lead
Experta Seguros,Jefe de proyecto de desarrollos de software.
Freelance,Direcci√≥n/ Producci√≥n Audiovisual
3DImpressions,Director de dise√±o y desarrollo
Bitex.la,COO
Cencosud S.A.,SAP Security Analyst
Self-employed,Business and Technology Consultant
Allianz,Jefe de siniestros Interior
Pacific Informatique,Chef d'entreprise
DoUntilplus,Socio Fundador
Accenture,Lead Network Engineer
Shifta,Head of AI
Grupo Mercel S.A,Responsable de RRHH / L√≠der de Selecci√≥n IT
S&E - Soluciones y Emprendientos S.R.L.,B√∫squeda y Selecci√≥n
SEEDUC RJ,Readaptada
First Systems SRL,Selectora
PSA Peugeot Citro√´n,Auditor ABAP
Cognizant,HR Manager Spain
Diversey,Marketing Manager Cluster South East
JPMorgan Chase & Co.,Associate Engineer
Innova Business Consulting,HR Service
AutoServe1,Fullstack Lead Developer
EMPRESA,Budge City
Procuraci√≥n General de la Naci√≥n,Prosecretario Letrado
iones,encargado
Espin Labs,Analista Funcional Senior
Freelance,Analista Funcional Senior
HCDN,Responsable de B√∫squedas Internas y Reubicaci√≥n Laboral | L√≠der de proyectos de Capital Humano
HunKa,"Cofounder, Human Development Consultant, IT Headhunter and Sonotherapist"
Discovering REAL Business Requirements for Software Project Success,Author
Groupe PSA,Specialist / Project manager
VON DER HEIDE,Talent Experience Account Manager
Assurant,Application Architect - Salesforce
Cognizant,Staffing Manager - Talent Delivery
Softtek,Talent Attraction Leader
VMC Consulting,Founder
HP Enterprise Services,Appl Mgmt Svc Del Cons III for American Airlines
TheOceanCloud,CTO
Buffa Sistemas at Personal -Telecom,Analista Desarrollador
Banco Ciudad,Analista t√©cnica - DevOps
A1 Sistemas,Analista de sistemas
Technisys,Sr. Core System Architect 
HDI Seguros,Analista Funcional y  t√©cnico
Cognizant Technology Solutions,Integration Analyst
PSA Peugeot Citro√´n,Business Analyst Leasing
IBM Global Business Services,Project Manager
Accenture,Application Development Senior Analyst
IBM GBS,PM
Laboratorios Andr√≥maco,Jefe de Compras / Material Productivo y Comex
Universidad Abierta Interamericana,Docente Adjunto
Constructora Cavcon S.A,Empleada Administrativa
Arcos Dorados,Jefe de Sistemas de Planeamiento y Finanzas Corp.  A√±adir secci√≥n
FlexFintech,Gerente de Proyectos
Casa Vegana,Administraci√≥n - Ventas
PSA Peugeot Citro√´n Argentina,Business Intelligent Project Leader
MT-AR,Responsable de Marketing y CRM
Multiplan Empreendimentos S.A.,Project Manager
GLOBALTEK DEVELOPMENT S.A.,Administrador de Proyectos
BNP Paribas Cardif,Analista de Calidad Ssr
ExxonMobil,FronTier SAP FI Scrum Master
Sistema de atenci√≥n medica de emergencia,SAME
GPS SRL - Group of Private Security SRL,Administraci√≥n de Recursos Humanos
Aon,Tech Lead Regional
Hexacta,HR Analyst
Avon,"PMO, LEADER QA, ANALISTA FUNCIONAL, ANALISTA SENIOR BI"
Atos,Service Delivery Manager
Nabors Industries,Treasury Manager
Marsh & McLennan Companies,Application Support Manager
M√°quina de Disfraces,Dise√±adora
FreedomPay,Senior Software Engineer
Gast√≥n Gentile Fotoraf√≠a,Director
SKF Argentina,Jefe de Solution Factory
Softvision,QA Automation Engineer
Loddin S.A.,Gerente de Sistemas
Capgemini,IT Project Manager at Cargill
Datastar,Gerente de Telecomunicaciones LATAM.
Varios empresas ,Consultoria Capacitaci√≥n & Coaching para la Organizacion de Estudios y Pymes
Cencosud S.A.,Especialista en Proyectos
Zurich Insurance Company Ltd,Productora Asesora de Seguros
ExxonMobil,Data Management
Sanatorio la Trinidad,Lic. en Nutrici√≥n
Banco Patagonia,Analista Servicios de Integraci√≥n / Desarrollador
Global Share S.A.,System Integration Analyst
GhidiniRodil,Associate Consultant
Werben HR,Recruitment Specialist
Prisma Medios de Pago S.A.,Technical Support Analyst
Clarius Consulting,Software Development Engineer
CDA Inform√°tica,Analista Sr.
JPMorgan Chase & Co.,Scrum Master - VP
VeriTran,Product Development
universidade,Professora
DYCOS,Soluciones Tecnol√≥gicas a Medida
TIM,Project Manager - Consultant
Asian Spirit Inbound Tour Operator, Product Executive
General Motors SA,IT Software Developer Sr
estudio contable,asistente
Ambientes Funcionales S.R.L.,Responsable del √Årea Comercial
AFIP,Full Stack Software Engineer
Verizon Business,System analysis and programming
Acumen Solutions,Einstein Analytics Architect
Wormhole IT,Web Developer
CONSULTORA,Gerente de RRHH
aliantec,IT Recruiter
Cognizant,Sr. Delivery Manager
Cognizant Technology Solutions,Analyst QA
54cuatro,Head of Software Development
MediaCom,Digital Planner
USDA Farm Production and Conservation,Information Technology Project Manager
Claves,Consultor freelance
Hansen Technologies,Consultor
Olenick & Associates,Senior IT Consultant
Clarius Consulting,Senior Software Engineer
Self-Employed,Tecnolog√≠as de la informaci√≥n
Dotlink Argentina,Socio Fundador
Assurant,Lider de Compliance 
Beems,Co-Founder
Self-employed,Information Technology Analyst
Red Link S.A.,Coordinador
Cognizant,Sr. Manager
Corte Suprema de Justicia,Ingeniero en Sistemas de Informaci√≥n
Univerus,Senior Full Stack Developer
Microsoft,Adoption Specialist
Molinos Rio de la Plata,Consultor SAP SD/ LE-TRA - Implementaci√≥n de sistema de Picking Autom√°tico
Seguros Broker S.A.,Senior Consultant
Cognizant,"Transformation Manager, Diversity and Inclusion"
Efectivo S√≠,Administrador de Infraestructura Sr
Red Link S.A.,Lider PMO portafolio Individuos - Canales digitales y presenciales
Hewlett Packard Enterprise,Analista de programas Sr
Red Link S.A.,IT Security Sr. Analyst SOC & CSIRT
OnTime Transport,Gerente en OntimeTransport
Summa Solutions,Operations Manager
Santander Argentina,Responsable de Area de Aprendizaje
ANSES,Constructor de Software
PSA Peugeot Citroen,Analista de Sistemas Sr
Self Employed,Software Developer
Natural Tech House,Agile Coach
Globant,IT Specialist - Java Developer
10Pines,Partner
atSistemas,Delivery Manager
MSD,Back End Developer
Abbott,Customer Success Manager
Zoo Logic,Responsable de An√°lisis Funcional y Team leader de QA
Nokia,Product Specialist
NorthgateArinso Argentina,Regional Service Delivery Manager
HP,Solution Architect
Sistemas Activos SRL,Analista funcional
ExxonMobil,IT Application Analyst
ISBAN Argentina S.A.,Business Analyst
Kin + Carta,"Scrum Master, Consultant"
Deloitte Argentina,Senior Auditor
Cognizant Technology Solutions de Argentina SRL,Associate Director / Applications Delivery
Cisco,Manager Senior LATAM
JPMorgan Chase & Co.,Associate
Globant,Project Manager
Fiserv,Project Leader
Santander Tecnolog√≠a,Tech Lead
VU,Business Quality Assurance Manager
CDA Informatica,Systems Analyst
Balanz Capital,Desarrollo Backend
Google,Customer Success Manager - Google Cloud
Hewlett Packard Enterprise,Head of HR
Secretar√≠a de Modernizaci√≥n de la Naci√≥n Argentina,Analista Business Intelligence
HP Enterprise Services,Applicaton Delivery Manager
golbalfarm,Analista Desarrollador
ITnow,Agile Transformation Coach via Infortec Consultores
DXC Technology,Project Development Manager
"Freelance, self-employed",Freelance
Sopra Steria,Project Manager
Atos,IT Project Manager - Coordinador transversal Integracion Tecnica  - PSA account
Atos Consulting,QA Specialist
JPMorgan Chase & Co.,JP Morgan - Associate for Application Support
ank,Devops
EDS,System engineer
HP/DXC Argentina - SKF Sweden,BUSINESS INTELLIGENCE ANALYST / ETL DEVELOPER
Novacomp,Mainframe Consultant
Cognizant,LATAM Delivery Head & Spanish South America Country Manager
everis Argentina,IT Consultant
Red Link S.A.,PMO
Fundaci√≥n Barcel√≥,Bedel√≠a
Globant,Senior Delivery Manager
Cognizant Technology Solutions,Senior Manager - Cognizant Digital Business
Solutique,IT Consultant
Cognizant,Manager
JPMorgan Chase & Co.,Application Production Support
Mercado Libre,Technical Leader
Traditum SA,Gerente General
INTERBANKING S.A.,Administraci√≥n y Soporte T√©cnico
Banco de la Provincia de Buenos Aires,Analista programador
ExxonMobil,Release Train Engineer
ExxonMobil,Project Manager
S&V Consulting S.R.L.,Software Developer
